Timestamp,Product Source Link,Amazon SiteStripe (Short),Amazon SiteStripe (Long),Reference Media for similar products ,asin,productTitle,Title,brand,MainImage,AllImages,Category,categoryHierarchy,itemTypeName,Price,price,originalPrice,OriginalPrice,Discount,discountPercentage,Rating,customerRating,ReviewCount,reviewCount,weight,dimensions,material,countryOfOrigin,language,hardcover,paperback,minimumAge,numberOfPieces,unitCount,availability,Description,publisher,manufacturer,manufacturerContact,packer,importer,color,theme,includedComponents,additionalFeatures,model_name,item_model_number,voltage,wattage,room_type,floor_area,operation_modeoperation_mode,noise_level,controller_type,particle_retention_size,contaminant_filtration_capability,shape,upc,manufacture_year,generic_name,isbn_10,isbn_13,reading_age,item_weight,country_of_origin,net_quantity,product_dimensions,Brand,Currency,special_feature,headphones_jack,connectivity_technology,wireless_communication_technology,included_components,age_range_description,specific_uses_for_product,compatible_devices,water_resistance_level,control_method,number_of_items,battery_life,audio_driver_type,earpiece_shape,input_device_interface,noise_control_features,supports_bluetooth_technology,model,batteries,special_features,batteries_included,batteries_required,battery_cell_composition,includes_rechargeable_battery,date_first_available,item_dimensions_lxwxh,colour,item_dimensions_l_x_w_x_h,recommended_uses_for_product,cartoon_character,number_of_pieces,style,reusability,item_form,pattern,indooroutdoor_usage,finish_type,size,specification_met,filter_class,imported_by,ASIN,operation_mode
12/16/2025 22:22:32,https://youtube.com/shorts/iDrWd2I_ZA8?si=ETOPQ2lu22RvWZ0o,https://amzn.to/48Q68EV,https://www.amazon.in/Ikigai-Japanese-staying-Young-growing/dp/9355995008?_encoding=UTF8&dib_tag=se&dib=eyJ2IjoiMSJ9.YSxTx1XGPwRl7jBWZBLk_V6ur4uN-ndEzVLZukqdaqb4nDFrculrNk8V5nnDgZSbGSryRAmiwMxf8Kqmijaa4THRh2-DaU4GndGApEea5W56dX7qdC4YSE5aC_DtNOsuSFOVateHf1DRsxvjRkCOEXXGQxuDrfP739gXu7tNChSfg_Ga079LQK1wjnc_XqhaThVMK1Yi5bMnoOzhiiJANn3gQWSprhzCSnfD-_Ru4-o.bOMxlFOr7WanR8nKLUQWOHQKzmua00lJ1x6LWP0LiAM&qid=1765903495&sr=8-3&linkCode=ll1&tag=vibedrips-21&linkId=600e5d1b6f544671217a4b306e1abdaf&language=en_IN&ref_=as_li_ss_tl,,9355995008,Ikigai : Japanese Art of staying Young.. While growing Old,Ikigai : Japanese Art of staying Young.. While growing Old,Diamond Books,https://m.media-amazon.com/images/I/61VGUxkTJOL.jpg,"[""https://m.media-amazon.com/images/I/61VGUxkTJOL.jpg"",""https://m.media-amazon.com/images/I/51uqARjjBaL.jpg"",""https://m.media-amazon.com/images/I/41a3PD-XT3L.jpg"",""https://m.media-amazon.com/images/I/41BLcaO2AKL.jpg"",""https://m.media-amazon.com/images/I/61Bf3h-93tL.jpg"",""https://m.media-amazon.com/images/I/41ZkgyWbtjL.jpg"",""https://m.media-amazon.com/images/I/51HwWkHpvjL.jpg"",""https://m.media-amazon.com/images/I/71fpqz6h3iL.jpg""]",Books,Books,Books,218,₹218,₹300,300,27,27%,4.1,4.1 out of 5 stars,1719,1719,300 g,20.3 x 25.4 x 4.7 cm,Paper,India,,112 pages,,14 years and up,,,In stock,"What is Ikigai? Ikigai is the art of living life in a way that a person is always inspired to remain focused on their goal. The meaning of Ikigai is to make your life meaningful. The people who use the principles of Ikigai always wake up in the morning with a sense of meaning. This is the reason why, despite having been destroyed in the second world war, Japan did not only develop, but also became a nation of longevity. How was all this possible? This was only possible by adopting the principles of Ikigai. This book will not only provide you with theoretical ideas, but also how to lead the Ikigai life with practical examples. It is then that you will know what this Japanese way of living actually is. How the people of that country achieve their goals. How they scale great heights in society and achieve a high social standing. What do they eat that they are able to live a long and fruitful life. This book will help you live a successful life,a meaningful long life and achieve new heights of success every day, and you will enjoy it.","Diamond Books X-30, Okhla Industrial Area, Phase-2, New Delhi - 110020; First Edition (30 July 2022); Diamond Books X-30, Okhla Industrial Area, Phase-2, New Delhi - 110020","Diamond Books X-30, Okhla Industrial Area, Phase-2, New Delhi - 110020","Diamond Books X-30, Okhla Industrial Area, Phase-2, New Delhi - 110020","Diamond Books X-30, Okhla Industrial Area, Phase-2, New Delhi - 110020",,,,,,,,,,,,,,,,,,,,Books,9355995008,978-9355995001,14 years and up,300 g,India,,20.3 x 25.4 x 4.7 cm,,₹,,,,,,,,,,,,,,,,,,,,,,,,,,,,,,,,,,,,,,,,,,9355995008,
12/16/2025 22:23:54,https://youtube.com/shorts/iDrWd2I_ZA8?si=ETOPQ2lu22RvWZ0o,https://amzn.to/3YhVUXP,https://www.amazon.in/Ikigai-Japanese-staying-Young-growing/dp/9355991479?_encoding=UTF8&dib_tag=se&dib=eyJ2IjoiMSJ9.YSxTx1XGPwRl7jBWZBLk_V6ur4uN-ndEzVLZukqdaqb4nDFrculrNk8V5nnDgZSbGSryRAmiwMxf8Kqmijaa4THRh2-DaU4GndGApEea5W56dX7qdC4YSE5aC_DtNOsuSFOVateHf1DRsxvjRkCOEXXGQxuDrfP739gXu7tNChSfg_Ga079LQK1wjnc_XqhaThVMK1Yi5bMnoOzhiiJANn3gQWSprhzCSnfD-_Ru4-o.bOMxlFOr7WanR8nKLUQWOHQKzmua00lJ1x6LWP0LiAM&qid=1765903495&sr=8-3&linkCode=ll1&tag=vibedrips-21&linkId=629df63cde44d8b9923ec5460176d880&language=en_IN&ref_=as_li_ss_tl,,9355991479,Ikigai English (PB) : Keira Miki,Ikigai English (PB) : Keira Miki,Diamond Books,https://m.media-amazon.com/images/I/71CvcFBz4pL.jpg,"[""https://m.media-amazon.com/images/I/71CvcFBz4pL.jpg"",""https://m.media-amazon.com/images/I/71p-ZplZQIL.jpg"",""https://m.media-amazon.com/images/I/41k8aHbVSBL.jpg"",""https://m.media-amazon.com/images/I/51nT4IyYIFL.jpg"",""https://m.media-amazon.com/images/I/41BLcaO2AKL.jpg"",""https://m.media-amazon.com/images/I/51HwWkHpvjL.jpg"",""https://m.media-amazon.com/images/I/61NCrl1aXbL.jpg"",""https://m.media-amazon.com/images/I/71F-UTAYaVL.jpg""]",Books,Books,Book,150,₹150,₹200,200,25,25%,4.1,4.1 out of 5 stars,1719,1719,210 g,21.59 x 13.97 x 1.27 cm,Paper,India,English,,112 pages,14 years and up,,,In stock,"What is Ikigai? Ikigai is the art of living life in a way that a person is always inspired to remain focused on their goal. The meaning of Ikigai is to make your life meaningful. The people who use the principles of Ikigai always wake up in the morning with a sense of meaning. This is the reason why, despite having been destroyed in the second world war, Japan did not only develop, but also became a nation of longevity. How was all this possible? This was only possible by adopting the principles of Ikigai. This book will not only provide you with theoretical ideas, but also how to lead the Ikigai life with practical examples. It is then that you will know what this Japanese way of living actually is. How the people of that country achieve their goals. How they scale great heights in society and achieve a high social standing. What do they eat that they are able to live a long and fruitful life. This book will help you live a successful life,a meaningful long life and achieve new heights of success every day, and you will enjoy it.","Diamond Books; First Edition (24 March 2022); Diamond Books X-30, Okhla Industrial Area, Phase-2, New Delhi - 110020",Diamond Books,"Diamond Books X-30, Okhla Industrial Area, Phase-2, New Delhi - 110020","Diamond Books X-30, Okhla Industrial Area, Phase-2, New Delhi - 110020",,,,,,,,,,,,,,,,,,,,Book,9355991479,978-9355991478,14 years and up,210 g,India,,21.59 x 13.97 x 1.27 cm,,₹,,,,,,,,,,,,,,,,,,,,,,,,,,,,,,,,,,,,,,,,,,9355991479,
12/16/2025 22:34:42,https://youtube.com/shorts/iDrWd2I_ZA8?si=ETOPQ2lu22RvWZ0o,https://amzn.to/48HAvgG,https://www.amazon.in/Ikigai-staying-growing-%E0%A4%A6%E0%A5%80%E0%A4%B0%E0%A5%8D%E0%A4%98%E0%A4%BE%E0%A4%AF%E0%A5%81-%E0%A4%A4%E0%A4%82%E0%A4%A6%E0%A5%81%E0%A4%B0%E0%A5%81%E0%A4%B8%E0%A5%8D%E0%A4%A4/dp/9388550072?_encoding=UTF8&dib_tag=se&dib=eyJ2IjoiMSJ9.3KJIJBF6bQK6ha2nTj8UYdN1GhR-u2lh5-175F3wW5Bm8X8ARdtQb8fbpl1HzChIGSryRAmiwMxf8Kqmijaa4bM2Tn4sj0utsSm2jeS2_UtJQ8Oqm3LHzR5VClClt7lXzJXj5nFoqjT_fFW6eaM17zSOrFWY_K54nb3f5Ysec5yKOL4SoUrVK_j0nBOyVKNU2eBdHbfXLIiOSnFVKMFo_nFMdRXpfEy6XmZtnC4Gfis.iQxkB522DkuleLdWbP1F9EEyceL9txhrjwtgtFDBlVQ&qid=1765904055&sr=8-5&linkCode=ll1&tag=vibedrips-21&linkId=11b1cddfdb70c0e8a94d36e1594397e8&language=en_IN&ref_=as_li_ss_tl,,9388550072,"Ikigai (Hindi) : Héctor García, Francesc Miralles","Ikigai (Hindi) : Héctor García, Francesc Miralles",MyMirror Publishing House Pvt. Ltd.,https://m.media-amazon.com/images/I/61Td+yd3qaL.jpg,"[""https://m.media-amazon.com/images/I/61Td+yd3qaL.jpg"",""https://m.media-amazon.com/images/I/61ejP+-veEL.jpg"",""https://m.media-amazon.com/images/I/61DIw4n+k5L.jpg"",""https://m.media-amazon.com/images/I/618KedLDcSL.jpg"",""https://m.media-amazon.com/images/I/419cb4PmrQL.jpg"",""https://m.media-amazon.com/images/I/41zq7OFBVfL.jpg"",""https://m.media-amazon.com/images/I/51PIGnEkj3L.jpg"",""https://m.media-amazon.com/images/I/31l0MXnpOaL.jpg"",""https://m.media-amazon.com/images/I/41BaqqkQY7L.jpg""]",Books,Books,Book,239,₹239,₹280,280,15,15%,4.5,4.5 out of 5 stars,2856,2856,230 g,20.3 x 25.4 x 4.7 cm,Paper,India,Hindi,,208 pages,16 years and up,1,1 Count,In stock,Just started reading Ikigai: The Japanese Secret to a Long and Happy Life — and I’m already intrigued by its depth and simplicity.,MyMirror Publishing House Pvt. Ltd.; First Edition (31 December 2019); MyMirror,MyMirror Publishing House Pvt. Ltd.,MyMirror Publishing House Pvt. Ltd. 36 Vedantgad Tulshibagwale Colony Pune 09,MyMirror Publishing House Pvt. Ltd. 36 Vedantgad Tulshibagwale Colony Pune 09,MyMirror Publishing House Pvt. Ltd. 36 Vedantgad Tulshibagwale Colony Pune 09,,,,,,,,,,,,,,,,,,,Book,819388132X,978-8193881323,Customer suggested age: 16 years and up,230 g,India,1 Count,20.3 x 25.4 x 4.7 cm,,₹,,,,,,,,,,,,,,,,,,,,,,,,,,,,,,,,,,,,,,,,,,9388550072,
12/16/2025 22:26:04,https://youtube.com/shorts/iDrWd2I_ZA8?si=ETOPQ2lu22RvWZ0o,https://amzn.to/4s1oEkS,https://www.amazon.in/Ikigai-Francesc-Miralles-H%C3%A9ctor-Garc%C3%ADa/dp/9388550315?_encoding=UTF8&dib_tag=se&dib=eyJ2IjoiMSJ9.3KJIJBF6bQK6ha2nTj8UYdN1GhR-u2lh5-175F3wW5Bm8X8ARdtQb8fbpl1HzChIGSryRAmiwMxf8Kqmijaa4bM2Tn4sj0utsSm2jeS2_UtJQ8Oqm3LHzR5VClClt7lXzJXj5nFoqjT_fFW6eaM17zSOrFWY_K54nb3f5Ysec5yKOL4SoUrVK_j0nBOyVKNU2eBdHbfXLIiOSnFVKMFo_nFMdRXpfEy6XmZtnC4Gfis.iQxkB522DkuleLdWbP1F9EEyceL9txhrjwtgtFDBlVQ&qid=1765904055&sr=8-5&linkCode=ll1&tag=vibedrips-21&linkId=e61a4fcb9edde09b7da5247fa817c60f&language=en_IN&ref_=as_li_ss_tl,,9388550315,"Ikigai (Hindi) [hardcover] Héctor García,Francesc Miralles [May 19, 2021]…","Ikigai (Hindi) [hardcover] Héctor García,Francesc Miralles [May 19, 2021]…",Hindi Edition by Hector Garcia,https://m.media-amazon.com/images/I/61k6r9VKk5L.jpg,"[""https://m.media-amazon.com/images/I/61k6r9VKk5L.jpg"",""https://m.media-amazon.com/images/I/51OFzkLi4AL.jpg"",""https://m.media-amazon.com/images/I/81z-E3+-T2L.jpg"",""https://m.media-amazon.com/images/I/81IU4FoA6DL.jpg"",""https://m.media-amazon.com/images/I/81Rb1Pdb2UL.jpg"",""https://m.media-amazon.com/images/I/41mf9ZAE0aL.jpg"",""https://m.media-amazon.com/images/I/41RBUFVBZDL.jpg"",""https://m.media-amazon.com/images/I/41NDqPDXW7L.jpg"",""https://m.media-amazon.com/images/I/31ip1HBhMrL.jpg"",""https://m.media-amazon.com/images/I/41Pkz6-WmvL.jpg""]",Books,Books,Book,269,₹269,₹399,399,33,33%,4.5,4.5 out of 5 stars,2856,2856,210 g,14 x 1.5 x 22 cm,Paper,India,Hindi,192 pages,,16 years and up,1 Count,1 Count,In stock,"लम्बे और खुशहाल जीवन का जापानी रहस्य हेक्टर गार्सिया और फ़्रान्सेस्क मिरालेस इकिगाई के बारे में अंतरराष्ट्रीय बेस्टसेलिंग गाइड से जानें दीर्घायु होने और खुशहाल जीवन जीने का जापानी रहस्य जापान के लोग विश्वास करते हैं कि इकिगाई हर एक के भीतर छिपा होता है – यह हर सुबह नींद से जागने की वजह होती है। प्रेरणा और सांत्वना देने वाली यह पुस्तक आपको अपना व्यक्तिगत इकिगाई खोजने में मदद के लिए जीवन में परिवर्तन लाने वाले साधन उपलब्ध कराएगी। यह आपको दिखलाएगी कि कैसे अनावश्यक भार को पीछे छोड़कर अपना उद्देश्य हासिल किया जाए, मित्रता को विकसित किया जाए और स्वंय को अपने जुनून के लिए समर्पित किया जाए।","MyMirror Publishing House Pvt. Ltd. (19 May 2021); MyMirror Publishing House Pvt. Ltd.36 Vedantgad, Tulshibagwale Colony Rd, Sahakarnagar No - 2, Pune, Maharashtra 411009",MyMirror Publishing House Pvt. Ltd.,"MyMirror Publishing House Pvt. Ltd.36 Vedantgad, Tulshibagwale Colony Rd, Sahakarnagar No - 2, Pune, Maharashtra 411009","MyMirror Publishing House Pvt. Ltd.36 Vedantgad, Tulshibagwale Colony Rd, Sahakarnagar No - 2, Pune, Maharashtra 411009","MyMirror Publishing House Pvt. Ltd.36 Vedantgad, Tulshibagwale Colony Rd, Sahakarnagar No - 2, Pune, Maharashtra 411009",,,,,,,,,,,,,,,,,,,Book,9388550315,978-9388550314,Customer suggested age: 16 years and up,210 g,India,1 Count,14 x 1.5 x 22 cm,,₹,,,,,,,,,,,,,,,,,,,,,,,,,,,,,,,,,,,,,,,,,,9388550315,
12/17/2025 0:46:28,https://youtube.com/shorts/bC96nvJeexM?si=icyJUcU9dusNtnrE,https://amzn.to/4qcxYRq,https://www.amazon.in/boAt-Bluetooth-Neckband-Wireless-Earphones/dp/B0FM2Y25HP?crid=2ZPD9M7085VFP&dib=eyJ2IjoiMSJ9.8PU3QnnwJJCLVHa91t2t3-Y0WHQB_XPOAriWY7CDzasDoILKPVhW5-DSHDzenikf8XsBzR93QH3q6ZRENr_ThHKTpAjyoqFnSBnN2KRBsXb0DJMpP9a77a_oVkejoNvTp3L3t1k8m32SbLx5qq2UPvJrowhro7SCiXD3hwUbRaejPvgjaK_l_beO0lWR1NJnke5AIMeU-pfgfz0ISv_pGmsuKOeIU6nbS1_gGSBELCA.-4foPYWuu_9yyRlNJe7AGMb7XvcxQVZ1Q8PSDhaC_pU&dib_tag=se&keywords=boAt%2B2025&nsdOptOutParam=true&qid=1765911950&sprefix=boat%2B2025%2Caps%2C226&sr=8-4&th=1&linkCode=ll1&tag=vibedrips-21&linkId=a88be4104e9f842e04b8f5f5d74e2389&language=en_IN&ref_=as_li_ss_tl,,B0FM2Y25HP,"boAt 2025 Launch Rockerz 301 ANC, (~30dB) ANC, 13mm Drivers,ENx, 40ms Low Latency,Hall Switch,40H Battery, Stream Ad Free Music via App Support, Bluetooth Neckband, Wireless with Mic Earphones (Green)","boAt 2025 Launch Rockerz 301 ANC, (~30dB) ANC, 13mm Drivers,ENx, 40ms Low Latency,Hall Switch,40H Battery, Stream Ad Free Music via App Support, Bluetooth Neckband, Wireless with Mic Earphones (Green)",boAt,https://m.media-amazon.com/images/I/61wkFD0nryL.jpg,"[""https://m.media-amazon.com/images/I/61wkFD0nryL.jpg"",""https://m.media-amazon.com/images/I/71RCNyqj+FL.jpg"",""https://m.media-amazon.com/images/I/719VwdRwnsL.jpg"",""https://m.media-amazon.com/images/I/71wV7rCkCcL.jpg"",""https://m.media-amazon.com/images/I/817R4nf3rtL.jpg"",""https://m.media-amazon.com/images/I/61BrDMMBuyL.jpg"",""https://m.media-amazon.com/images/I/61OqJ9AdyxL.jpg"",""https://m.media-amazon.com/images/I/714GCWyEhvL.jpg"",""https://m.media-amazon.com/images/I/51GB8B0Dk5L.jpg"",""https://m.media-amazon.com/images/I/31H+PREd6rL.jpg""]",Electronics,Electronics,Neckband,1499,₹1499,₹3490,3490,57,57%,4.1,4.1 out of 5 stars,46689,46689,75 g,50 x 2 x 2 cm,Plastic,China,,,,,1,1 Count,In stock,"Active Noise Cancellation(~30dB): By canceling out all the background noise, the microphones don't let unwanted sounds from your commute, or your surroundings get in the way of enjoying high-quality audio. 13mm Drivers: The high performance large drivers pump out dynamic audio for an enthralling experience. ENx Technology: This bluetooth neckband reduces background noise and ensures your voice is heard clearly on calls 40H Battery: Rockerz 301 ANC offers a playback of upto 40 hours. 40ms Low Latency: Its beast mode offers a low latency of 40ms reducing lag for an entertaining gaming experience. boAt Hearables app compatibility: The boAt Hearables app offers easy access to a plethora of controls, customizable modes, upgrades, troubleshooting fixes, and more. Hall Switch: Simply unite the earbuds to turn the neckband off and separate them to turn it on. IPX5: Designed with an IPX5-rated build, these earphones are safeguarded against sweat from heavy workouts or water splashes. So, you can carry them along without worrying about damage.","Imagine Marketing Ltd, info@imaginemarketingindia.com","Imagine Marketing Ltd, info@imaginemarketingindia.com",info@imaginemarketingindia.com,Imagine Marketing Ltd,Imagine Marketing Ltd,Green,,"Additional Earmuffs, Cable, Neckband, User Manual","Active Noise Cancellation, ENx Technology, Water Resistant (IPX5)",Rockerz,PP0056,,,,,,,Touch,,,,,2025,Neckband,,,,75 Grams,China,1 Piece,50 x 2 x 2 cm; 75 g,boAt,₹,"Active Noise Cancellation, ENx Technology, Water Resistant (IPX5)",No Jack,Bluetooth,Bluetooth,"Additional Earmuffs, Cable, Neckband, User Manual","Teen, Adult","Gaming, Travel","Smartphones, Tablets, Laptops, Gaming Devices",Water Resistant,Touch,4,40 Hours,Dynamic Driver,In Ear,Bluetooth,"Active Noise Cancellation, Noise Reduction during Calls",Yes,PP0056,1 12V batteries required. (included),"Active Noise Cancellation, ENx Technology, Water Resistant (IPX5)",Yes,Yes,Lithium Ion,Yes,12 August 2025,50 x 2 x 2 Centimeters,,,,,,,,,,,,,,,,B0FM2Y25HP,
9/11/2025 23:25:38,https://www.instagram.com/reel/DNgI781ReJo/?utm_source=ig_web_copy_link&igsh=MzRlODBiNWFlZA==,https://amzn.to/49ewWyz,https://www.amazon.in/CodersParadise-Spy-Family-Aesthetic-Stickers/dp/B0BQ7LQ3H3?th=1&linkCode=ll1&tag=vibedrips-21&linkId=b64d303acc068e4f753123d6be94f11c&language=en_IN&ref_=as_li_ss_tl,,B0BQ7LQ3H3,"Spy Anime Sticker Pack (50 PCS) | Waterproof Aesthetic Vinyl Stickers for Laptop, Journal, Scrapbook, Helmet, Guitar & Mobile Case | Residue-Free & Self-Adhesive","Spy Anime Sticker Pack (50 PCS) | Waterproof Aesthetic Vinyl Stickers for Laptop, Journal, Scrapbook, Helmet, Guitar & Mobile Case | Residue-Free & Self-Adhesive",CodersParadise,https://m.media-amazon.com/images/I/91TA5PA3YiL.jpg,"[""https://m.media-amazon.com/images/I/91TA5PA3YiL.jpg"",""https://m.media-amazon.com/images/I/816k4WN6ayL.jpg"",""https://m.media-amazon.com/images/I/71TPIqS3dIL.jpg"",""https://m.media-amazon.com/images/I/71xhayzO2fL.jpg"",""https://m.media-amazon.com/images/I/811XLyWXqfL.jpg"",""https://m.media-amazon.com/images/I/91OB+DWGEBL.jpg"",""https://m.media-amazon.com/images/I/91vQrGE0rDL.jpg"",""https://m.media-amazon.com/images/I/91Vj45PUVhL.jpg"",""https://m.media-amazon.com/images/I/81Xoz+ob08L.jpg"",""https://m.media-amazon.com/images/I/91I2UMpj09L.jpg""]",Toys & Games,Toys & Games,Stickers,254,₹254,₹699,699,64,64%,4.3,4.3 out of 5 stars,1439,1439,100 g,5.1 x 7.6 x 5.1 Centimeters,,India,,,,,50,,In stock,"Premium 50-Piece Spy Anime Sticker Pack – A curated collection of Spy Anime Aesthetic Stickers, designed for fans who love Japanese manga, kawaii art, anime characters & aesthetic stationery. Perfect for decorating laptops, water bottles, notebooks, skateboards, helmets & mobile cases. Waterproof, UV-Resistant & Durable Vinyl – Made with high-quality waterproof vinyl material, these stickers stay bright and vibrant even with outdoor use. UV-resistant lamination prevents fading, making them ideal for bikers, travelers, students, gamers & content creators. Easy to Use – Self-Adhesive & Residue-Free Removal – Each sticker comes with strong adhesion that sticks firmly on any smooth surface. Removes cleanly without leaving glue marks. Ideal for scrapbooking, journaling, DIY crafts, diaries, planners, laptops & luggage décor. Multi-Surface Compatibility for All Devices & Accessories – Great for laptop skins, phone cases, tablets, iPads, PS5/Xbox consoles, helmets, skateboards, guitars, notebooks, suitcases, flasks & journals. Perfect for customizing everyday accessories with anime vibes. Perfect Gift for Anime Lovers & Creators – A must-have collectible set for Spy Anime fans, manga lovers, teens, students, artists & aesthetic décor enthusiasts. Ideal gift for birthdays, return gifts, stationery lovers & anyone who loves anime-themed items.",CodersParadise,CodersParadise,,enquiry@cubiclesolutions.in,,Spy x Family,Anime,,Waterproof,,Spy x Family,,,,,,,,,,,,,Laptop,,,,100 g,India,54.00 Count,,CodersParadise,₹,Waterproof,,,,,,,,,,50,,,,,,,,,,,,,,,5.1 x 7.6 x 5.1 Centimeters,Spy x Family,5.1 x 7.6 x 5.1 Centimeters,"Laptop, Bike Helmet, Journal, Diary, Guitar, Mobile",Anime,50,Anime,Reusable,Die-cut,Cartoon,"Indoor, Outdoor",,,,,,B0BQ7LQ3H3,
9/11/2025 23:29:28,https://www.instagram.com/reel/DNgI781ReJo/?utm_source=ig_web_copy_link&igsh=MzRlODBiNWFlZA==,https://amzn.to/44tYddH,https://www.amazon.in/CodersParadise-Spy-Family-Aesthetic-Stickers/dp/B0BH52BJQD?th=1&linkCode=ll1&tag=vibedrips-21&linkId=4c8ace668d90313a3bb04aabc14827f0&language=en_IN&ref_=as_li_ss_tl,,B0BH52BJQD,Pack of 54 One Manga Vinyl Self Adhesive Sticker for Laptop Journal Guitar Mobile Case Waterproof Residue Free Multicolor Anime Stickers 3 Inches for Metal Glass Wooden Plastic Surface,Pack of 54 One Manga Vinyl Self Adhesive Sticker for Laptop Journal Guitar Mobile Case Waterproof Residue Free Multicolor Anime Stickers 3 Inches for Metal Glass Wooden Plastic Surface,CodersParadise,https://m.media-amazon.com/images/I/91z+JR9AAgL.jpg,"[""https://m.media-amazon.com/images/I/91z+JR9AAgL.jpg"",""https://m.media-amazon.com/images/I/81CjBZ54a6L.jpg"",""https://m.media-amazon.com/images/I/81+TlWpAlpL.jpg"",""https://m.media-amazon.com/images/I/717uu-ST+KL.jpg"",""https://m.media-amazon.com/images/I/81bMdAIDTEL.jpg"",""https://m.media-amazon.com/images/I/71lVyV83-NL.jpg"",""https://m.media-amazon.com/images/I/91DOMaR2z0L.jpg"",""https://m.media-amazon.com/images/I/61hqu-3nHiL.jpg"",""https://m.media-amazon.com/images/I/91Vj45PUVhL.jpg"",""https://m.media-amazon.com/images/I/815DeIaLM-L.jpg""]",Toys & Games,Toys & Games,Stickers,254,₹254,₹699,699,64,64%,4.3,4.3 out of 5 stars,1439,1439,100 g,5.1 x 7.6 x 5.1 Centimeters,,India,,,,,54,54 Count,In stock,"Well Made Aesthetic Stickers : Introducing our aesthetic One Piece stickers, meticulously crafted from self-adhesive vinyl. Printed with revolutionary high-definition printers, these stickers unveil mesmerizingly clear and ultra-precise patterns that effortlessly amplify your style. No Repetition : All stickers in package are unique and different from others. We guarantee that the customer will get the exact products as shown in the image. Easy To Use: Our stickers are designed for effortless application. With a self-adhesive backing, you can easily peel and stick them onto any clean and smooth surface. When it's time for a change, they can be removed without leaving behind any sticky residue or damaging the surface. Broad Application: Our One Piece stickers aren't limited to just one application. They can be used to personalize a wide range of items, such as laptops, notebooks, water bottles, car windows, and even walls. Express your style on all your favorite belongings. Different Sizes: Each sticker are of different size from a range of sizes from 2 to 5 inches in length and breadth. This gives you the freedom to bomb your sticker according to your creativity. Boost your laptop's cool factor with these eye-catching stickers. Ultimate Water Protection: Our waterproof stickers are designed to withstand water, ensuring reliable adhesion and vibrant colors even when exposed to wet conditions. Perfect Gift Idea: Searching for a trendy and practical gift? Look no further. Our Vinyl Sticker Pack is an ideal present for creative minds and trendsetters. Share the joy of self-expression with friends and loved ones, allowing them to personalize their world with these durable and stylish stickers.",Scaleupmedia,Scaleupmedia,,enquiry@cubiclesolutions.in,,Aot,Anime,"Figure, Manual, Batteries",Waterproof,,Aot,,,,,,,,,,,,,Laptop,,,,100 g,India,54.00 Count,,CodersParadise,₹,Waterproof,,,,,,,,,,,,,,,,,,,,,,,,,5.1 x 7.6 x 5.1 Centimeters,Aot,5.1 x 7.6 x 5.1 Centimeters,"Laptop, Bike Helmet, Journal, Diary, Guitar, Mobile",Anime,54,Anime,Reusable,Die-cut,Printed,Outdoor,,,,,,B0BH52BJQD,
9/11/2025 23:29:28,https://www.instagram.com/reel/DNgI781ReJo/?utm_source=ig_web_copy_link&igsh=MzRlODBiNWFlZA==,https://amzn.to/3L0VC4m,https://www.amazon.in/woopme-Peeking-Car-Sticker-Stickers/dp/B0CR3ZBQPT?crid=58NTHUI4N50Z&dib=eyJ2IjoiMSJ9.XlXmOWseN9v9CfMkQc6ahAKTrmsoEKRGt67nlKNsL_JlRTynghw0HOwHc9UOC-rjvGnTG-zCFRvTCvF_jDu6YeCqSHNuKDO2812KeLtBfkMrSCHujgSQq8rj9rbiVWqBHlH-_kov-mLFxjqikrvyeOKfu1BjdtStyUGQtGjyOfz_3tCTavKrmWRjLxM--P5E-pi5S-T1PDm0t6TdAi_cljd8_POjM2CJw5WM6s9qIn4u5WQP1PcFVEcMyDSzpZ8OxcfD4EFbJPy4zpxkOm7G-qwV6rK2II7V6Fw-MhUJx5c.22iHpr5lhNmiJ93ZzW7H3aJS5F8tmOLF9zOmquSuCYY&dib_tag=se&keywords=junkyard%2Bsticker%2Bmonkey%2Bd%2Bluffy&qid=1765903115&s=kitchen&sprefix=junkyard%2Bsticker%2Bmonkey%2Bd%2Blufy%2Ckitchen%2C178&sr=1-5&th=1&linkCode=ll1&tag=vibedrips-21&linkId=c9eed252c7f9be3ecfb227a1c322620a&language=en_IN&ref_=as_li_ss_tl,,B0CR3ZBQPT,woopme Pack of 2 Peeking Sticker for Car Laptop AC Stickers (One Piecee),woopme Pack of 2 Peeking Sticker for Car Laptop AC Stickers (One Piecee),woopme,https://m.media-amazon.com/images/I/71zlMs2FyDL.jpg,"[""https://m.media-amazon.com/images/I/71zlMs2FyDL.jpg"",""https://m.media-amazon.com/images/I/81D3XwFo0sL.jpg"",""https://m.media-amazon.com/images/I/71RB+hk-ZnL.jpg"",""https://m.media-amazon.com/images/I/81sJOJcKmeL.jpg"",""https://m.media-amazon.com/images/I/81VAv8Ym-WL.jpg"",""https://m.media-amazon.com/images/I/81OrUDeWXSL.jpg"",""https://m.media-amazon.com/images/I/81ZZWffHwUL.jpg"",""https://m.media-amazon.com/images/I/812pzYGezvL.jpg"",""https://m.media-amazon.com/images/I/81KfaKSfZ4L.jpg"",""https://m.media-amazon.com/images/I/61-GhF4LmlL.jpg""]",Toys & Games,Toys & Games,Car styling decals,199,₹199,₹259,259,23,23%,4,4.0 out of 5 stars,15,15,,,,,,,,,2,,In stock,Material : Vinyl sticker Usage Surface : Laptops Car Wall Door AC Switchboard etc.. Waterproof vinyl printed multicolored stickers Pack of 2 sticker These cute colorful stickers can be a perfect gift for kids,,,,,,One Piecee,,,,,,,,,,,,,,,,,,,,,,,,,,woopme,₹,,,,,,,,,,,,,,,,,,,,,,,,,,,,,,,,,,,,,,,,,,B0CR3ZBQPT,
9/11/2025 23:29:28,https://www.instagram.com/reel/DNgI781ReJo/?utm_source=ig_web_copy_link&igsh=MzRlODBiNWFlZA==,https://amzn.to/3KU8dGo,https://www.amazon.in/woopme-Peeking-Car-Sticker-Stickers/dp/B0CQXP5VXH?crid=58NTHUI4N50Z&dib=eyJ2IjoiMSJ9.XlXmOWseN9v9CfMkQc6ahAKTrmsoEKRGt67nlKNsL_JlRTynghw0HOwHc9UOC-rjvGnTG-zCFRvTCvF_jDu6YeCqSHNuKDO2812KeLtBfkMrSCHujgSQq8rj9rbiVWqBHlH-_kov-mLFxjqikrvyeOKfu1BjdtStyUGQtGjyOfz_3tCTavKrmWRjLxM--P5E-pi5S-T1PDm0t6TdAi_cljd8_POjM2CJw5WM6s9qIn4u5WQP1PcFVEcMyDSzpZ8OxcfD4EFbJPy4zpxkOm7G-qwV6rK2II7V6Fw-MhUJx5c.22iHpr5lhNmiJ93ZzW7H3aJS5F8tmOLF9zOmquSuCYY&dib_tag=se&keywords=junkyard%2Bsticker%2Bmonkey%2Bd%2Bluffy&qid=1765903115&s=kitchen&sprefix=junkyard%2Bsticker%2Bmonkey%2Bd%2Blufy%2Ckitchen%2C178&sr=1-5&th=1&linkCode=ll1&tag=vibedrips-21&linkId=5eb5cbadf95ceb57f6758aac9cca260f&language=en_IN&ref_=as_li_ss_tl,,B0CQXP5VXH,woopme 2 Pcs One Piecee Peeking Car Sticker Anime Stickers (Monkey Luffy),woopme 2 Pcs One Piecee Peeking Car Sticker Anime Stickers (Monkey Luffy),woopme,https://m.media-amazon.com/images/I/615k+eq+CtL.jpg,"[""https://m.media-amazon.com/images/I/615k+eq+CtL.jpg"",""https://m.media-amazon.com/images/I/81LA-3gqnZL.jpg"",""https://m.media-amazon.com/images/I/71fBxtrF4WL.jpg"",""https://m.media-amazon.com/images/I/71MSNIWj6hL.jpg"",""https://m.media-amazon.com/images/I/81mOuS6H4VL.jpg"",""https://m.media-amazon.com/images/I/81VAv8Ym-WL.jpg"",""https://m.media-amazon.com/images/I/61-GhF4LmlL.jpg"",""https://m.media-amazon.com/images/I/71NR1X4mYXL.jpg"",""https://m.media-amazon.com/images/I/71Ge7P2DppL.jpg"",""https://m.media-amazon.com/images/I/71WPSiheO1L.jpg""]",Toys & Games,Toys & Games,Car styling decals,199,₹199,₹259,259,23,23%,4,4.0 out of 5 stars,15,15,50 g,12.7 x 0.3 x 10.2 Centimeters,Vinyl,India,,,,,2,2 Count,In stock,Material : Vinyl sticker Usage Surface : Laptops Car Wall Door AC Switchboard etc.. Waterproof vinyl printed multicolored stickers Pack of 2 sticker These cute colorful stickers can be a perfect gift for kids,woopme private limited,woopme private limited,,woopme private limited,,Monkey luffy,Anime,Sticker & User-manual,Peel and Stick,,Car Styling Sticker,,,,,,,,,,,,,Car styling decals,,,,50 g,India,1.00 Count,,woopme,₹,Peel and Stick,,,,Sticker &amp; User-manual,,,,Waterproof,,2,,,,,,,,,,,,,,,12.7 x 0.3 x 10.2 Centimeters,Monkey luffy,12.7 x 0.3 x 10.2 Centimeters,Car,Monkey Luffy,2,IQ-AN-03,,Sheet,Gingham,Outdoor,Glossy,small,,,,B0CQXP5VXH,
12/19/2025 1:18:30,https://youtu.be/-LclkpJkwRU?si=a03LfBb1--UqaCzd,https://amzn.to/4q46SfP,https://www.amazon.in/HIVE-Advanced-Allergens-Real-Time-App-Controlled/dp/B0FJ5R8JN7?crid=7PDUGGXYJ7AK&dib=eyJ2IjoiMSJ9.WzRWHAE7n_7gxOy9QRfWvx-VyFC946kSJf0c_QU2uGuWvay12Uw0_iYycb090CsJUyeVG0MPp0JKj_3eXNidZ4PHVbxcJN7pGVJlI1x_AaC-XdY64szSbPqNbTqaWdSkSsh_8s7XSgJNy9Vh_O9KhiRatjo61Gnmdgy80AB8fJMv4ZfQkC-ZPBc8cec2w9ZIHr0NJKLf5rqXwsuoe_14uzMRUMwLE2goAdbYwDK-g7I.BxaeT_g-MzLJZXfcHpljaME2JJvRdM2edVopZsvgf4I&dib_tag=se&keywords=praan+hive+air+purifier&qid=1766085330&sprefix=praan+hive+air+purifier%2Caps%2C197&sr=8-3&linkCode=ll1&tag=vibedrips-21&linkId=f28292f686a16c4f44b809a95118c388&language=en_IN&ref_=as_li_ss_tl,,B0FJ5R8JN7,Praan's HIVE Advanced Indoor Air Purifier | Covers Upto 350 Sq Ft | Medical Grade HEPA H14 Filter | Removes 99.99% Allergens as small as PM0.015| Real-Time AQI | App-Controlled | 1 Year Warranty,Praan's HIVE Advanced Indoor Air Purifier | Covers Upto 350 Sq Ft | Medical Grade HEPA H14 Filter | Removes 99.99% Allergens as small as PM0.015| Real-Time AQI | App-Controlled | 1 Year Warranty,Praan,https://m.media-amazon.com/images/I/61vwKV811tL.jpg,"[""https://m.media-amazon.com/images/I/61vwKV811tL.jpg"",""https://m.media-amazon.com/images/I/81qwxU0iQpL.jpg"",""https://m.media-amazon.com/images/I/81Cy9DRow5L.jpg"",""https://m.media-amazon.com/images/I/71bwcjTt50L.jpg"",""https://m.media-amazon.com/images/I/51P89GgChPL.jpg"",""https://m.media-amazon.com/images/I/61QPdbIKi9L.jpg"",""https://m.media-amazon.com/images/I/711d-QwwzwL.jpg"",""https://m.media-amazon.com/images/I/71WK1ajwuYL.jpg"",""https://m.media-amazon.com/images/I/51V5XcqaG9L.jpg"",""https://m.media-amazon.com/images/I/41I4k4rpVkL.jpg""]",General,General,Air Purifier,80999,₹80999,₹99999,99999,19,19%,5,5.0 out of 5 stars,4,4,15 kg,68.4D x 15W x 22H Centimeters,,India,,,,,1,1 Count,In stock,"ICU-grade filtration. Certified by SITRA - HIVE uses HEPA H14 filters - the highest global standard for air purification. It traps 99.99% of airborne pollutants, including viruses, bacteria, allergens, and ultra-fine particles as small as 0.015 microns. This is the same clean air standard used in ICU cleanrooms - and HIVE is one of the only purifiers in India to be clinically certified to deliver it. Proven to reduce respiratory symptoms - In real-world use, HIVE has helped reduce asthma attacks, chronic cough, and medication use. Families across India - including homes with children and the elderly - have reported breathing easier and sleeping better after switching to HIVE. Cleans a room in minutes - HIVE is engineered to rapidly purify spaces up to 345 sq ft - faster than most premium purifiers on the market. Whether it’s your bedroom, clinic, classroom, or workspace, it gets to work instantly and keeps your air clean all day, automatically. Real-time tracking of your air, not just AQI - HIVE continuously monitors PM2.5, VOCs, carbon dioxide, temperature, humidity, and even ambient noise. You can view everything on the OLED display or in the app. It not only cleans your air, but also helps you understand it. No gimmicks. Just pure, focused performance - Unlike lifestyle purifiers that double as fans or humidifiers, HIVE is built with one goal: delivering hospital-grade air quality. No unnecessary features. No distractions. Just protection that performs. Aircraft-grade build quality. Silent and lasting - Most purifiers use plastic. HIVE is machined from aerospace-grade aluminum for durability and a premium finish. It runs silently, blends into your interiors, and lasts for years, not seasons. Designed and built in India. Supported locally - HIVE is built entirely in-house by Praan in Mumbai - from R&D to final assembly. That means faster service, smarter innovation, and complete transparency. It’s proudly Indian, and trusted by global tech leaders and health professionals alike.","Praan Climate Technologies Private Limited, Praan Climate Technologies Private Limited Ground Floor, Plot No. 2A, CTS 653/6, Ujagar Infotech Park, Opp. Deonar Bus Depot, Chembur, Mumbai - 400088","Praan Climate Technologies Private Limited, Praan Climate Technologies Private Limited Ground Floor, Plot No. 2A, CTS 653/6, Ujagar Infotech Park, Opp. Deonar Bus Depot, Chembur, Mumbai - 400088","Praan Climate Technologies Private Limited Ground Floor, Plot No. 2A, CTS 653/6, Ujagar Infotech Park, Opp. Deonar Bus Depot, Chembur, Mumbai - 400088","Praan Climate Technologies Private Limited Ground Floor, Plot No. 2A, CTS 653/6, Ujagar Infotech Park, Opp. Deonar Bus Depot, Chembur, Mumbai - 400088",,Space Gray,,"1 Air Purifier, 1 Stand","AI-powered, Medical-grade, Clinically certified, Real-time air quality tracking, App control",HIVE,HIVE,,55 Watts,,,,50 Decibels,"Android, iOS, iPadOS",0.02 Micron,99.99%,,,2025,Air Purifier,,,,15 kg,India,1 Count,68.4D x 15W x 22H Centimeters,Praan,₹,"AI-powered, Medical-grade, Clinically certified, Real-time air quality tracking, App control",,,,"1 Air Purifier, 1 Stand",,,,,,,,,,,,,,,,,,,,,,Space Gray,,,,,,,,,,,,FCC Certified,HEPA H14 Filter + Activated Carbon Filter,,B0FJ5R8JN7,
12/19/2025 1:12:42,https://youtu.be/-LclkpJkwRU?si=a03LfBb1--UqaCzd,https://amzn.to/48KIWaZ,https://www.amazon.in/Qubo-Filtration-Technology-Pre-filter-Activated/dp/B0DHGFCG6P?crid=TCT3DAWVIGYK&dib=eyJ2IjoiMSJ9.oiXJFm1eOltK900oi2ZigB3aWCdr331LGmvEyhCNomnz6C0odZ1TWNs4S8l-Ep4U1ESGLbXmUhH-1USLO4_B-Aga1-TuqLxi2h3SkrDAgBPsWb2sH57kLFVFrVPV4uXJ3RXEiBMC78DWAwjiRR5lrQ.Vl_vHwdJJoh1HF4latUHpmel8tFLZWwNelNKYS42oiw&dib_tag=se&keywords=qubo+car+air+purifier+pro&nsdOptOutParam=true&qid=1766086868&refinements=p_n_availability%3A1318485031%2Cp_123%3A369904&rnid=91049095031&sprefix=qubo+car+air+purifier%2Caps%2C204&sr=8-3&linkCode=ll1&tag=vibedrips-21&linkId=dcf86334a1ce3e4fd80008978ce65b23&language=en_IN&ref_=as_li_ss_tl,,B0DHGFCG6P,"Qubo Car Air Purifier Pro from Hero Group | 3-Layer Filtration | Negative Ion Technology | Pre-filter, HEPA13 & Activated Carbon Filter | Removes PM 2.5 & PM 10 | Black","Qubo Car Air Purifier Pro from Hero Group | 3-Layer Filtration | Negative Ion Technology | Pre-filter, HEPA13 & Activated Carbon Filter | Removes PM 2.5 & PM 10 | Black",Qubo,https://m.media-amazon.com/images/I/41O1OX4huaL.jpg,"[""https://m.media-amazon.com/images/I/41O1OX4huaL.jpg"",""https://m.media-amazon.com/images/I/61BuiDPoSFL.jpg"",""https://m.media-amazon.com/images/I/618LTVNDJ-L.jpg"",""https://m.media-amazon.com/images/I/61XhP8dyuLL.jpg"",""https://m.media-amazon.com/images/I/61dgluVX49L.jpg"",""https://m.media-amazon.com/images/I/51kYAekY2oL.jpg"",""https://m.media-amazon.com/images/I/31hPGIVvshL.jpg"",""https://m.media-amazon.com/images/I/41+i5SZsO2L.jpg"",""https://m.media-amazon.com/images/I/41rKV574mpL.jpg"",""https://m.media-amazon.com/images/I/419KSFfKQzL.jpg""]",General,General,Air Purifier,3290,₹3290,₹6990,6990,53,53%,3.6,3.6 out of 5 stars,133,133,396 g,6.3 x 6.3 x 18.7 Centimeters,,China,,,,,1 Count,1 Count,In stock,"【Negative Ion Technology】Emits Up To 50 Million Negative Ions That Eliminate 99.8% Of Viruses, Bacteria, PM2.5, PM10, And Dust—Offering Full Protection Against Allergens And Airborne Pollutants. 【3-Layer Filtration】Multi-Stage Filtration System Includes A Pre-Filter, HEPA13, And Activated Carbon Filter—Effectively Captures Microscopic Particles And Toxic Gases For Cleaner Cabin Air. 【3 Modes Of Purification】Switch Between Silent, Active, And Turbo Modes Depending On Real-Time AQI Levels—Silent For Normal, Active For Moderate, And Turbo For High Pollution. 【Easy Plug And Use】Designed Without An In-Built Battery To Avoid Fire Risk—Simply Plug Into The USB Port Of Your Car For Safe And Reliable Operation Even In High Temperatures. 【Ergonomic Design】Built With Premium Aluminum Alloy And A Tumbler-Style Base That Fits Securely In Standard Car Cup Holders—Combines Durability With Minimalist Aesthetics. 【Convenient And Compatible】Top-Mounted Mode Button Enables Quick Switching Between Purification Modes—Plug-And-Play Operation Ensures Instant Air Quality Improvement. 【Relief From Seasonal Allergies】Ideal For Individuals With Allergies Or Respiratory Sensitivity—Removes Pollens, Dust, Pet Dander, And Other Airborne Irritants Inside The Car Cabin.",Hero Electronix Pvt. Ltd,Hero Electronix Pvt. Ltd,,"Hero Electronix Pvt. Ltd., Toll-free helpline number: 9319095757","Hero Electronix Private Limited Plot No 4, Khasra No. 382,Village Sultanpur, MG Road, New Delhi -110030",Black,,"Car Air purifier with Filters 1N, 0.5 meter USB Cable 1N, QR Card (Warranty & Digital User Manual)",,,HPA02,,,,,,,,,,,,,Air Purifier,,,,396 g,China,1 Count,,Qubo,₹,,,,,"Car Air purifier with Filters 1N, 0.5 meter USB Cable 1N, QR Card (Warranty &amp; Digital User Manual)",,,,,,,,,,,,,,,,,,,,,6.3 x 6.3 x 18.7 Centimeters,,,,,,,,,,,,,,,,B0DHGFCG6P,
12/19/2025 2:08:28,https://youtu.be/-LclkpJkwRU?si=a03LfBb1--UqaCzd,https://amzn.to/4jf44JZ,https://www.amazon.in/uBreathe-Purifier-Plant-based-Filtration-pollutants/dp/B0F1MR9W8R?crid=826JKP9KWA5J&dib=eyJ2IjoiMSJ9.mWwCe4d9zdQ6o-K0WTMhqwiSOqXRaGyHzWBIXFr5pOrGjHj071QN20LucGBJIEps.af-GL5NoRKrUebUJ7TwAKILQOQ7pD0ZPcvtPL3kXFjQ&dib_tag=se&keywords=ubreathe+life+air+purifier&qid=1766089908&refinements=p_n_availability%3A1318485031%2Cp_72%3A1318476031%2Cp_123%3A1449711&rnid=91049095031&sprefix=ubreathe+life+air+purifier%2Caps%2C175&sr=8-1&linkCode=ll1&tag=vibedrips-21&linkId=0b38cb58a305e8486f936f398f371bb0&language=en_IN&ref_=as_li_ss_tl,,B0F1MR9W8R,"uBreathe Life Air Purifier, India's 1st Smart Plant-based Air Purifier with unique Bio Filtration, 400 sq. ft. Coverage, Removes gaseous pollutants COx NOx SOx, Reduced Cost of HEPA Filter Change","uBreathe Life Air Purifier, India's 1st Smart Plant-based Air Purifier with unique Bio Filtration, 400 sq. ft. Coverage, Removes gaseous pollutants COx NOx SOx, Reduced Cost of HEPA Filter Change",UBreathe,https://m.media-amazon.com/images/I/71n7p4fsSkL.jpg,"[""https://m.media-amazon.com/images/I/71n7p4fsSkL.jpg"",""https://m.media-amazon.com/images/I/71AyBCdgfuL.jpg"",""https://m.media-amazon.com/images/I/71XwnqMrZ-L.jpg"",""https://m.media-amazon.com/images/I/61ncENf4lhL.jpg"",""https://m.media-amazon.com/images/I/41dXAEglb5L.jpg"",""https://m.media-amazon.com/images/I/41M16NJO2hL.jpg"",""https://m.media-amazon.com/images/I/31gT4K+LBzL.jpg"",""https://m.media-amazon.com/images/I/411u0wzt33L.jpg"",""https://m.media-amazon.com/images/I/516lfJdEuSL.jpg""]",General,General,Air Purifier,24999,₹24999,₹12299,12299,0,0%,5,5.0 out of 5 stars,1,1,10 kg,35D x 35W x 75H Centimeters,,India,,,,,,,Only 1 left in stock.,"Clean Air Delivery Rate: 480 m3/h, ensuring efficient air purification Area Coverage: 400 sq. ft., making it suitable for large rooms Filter Replacement: Every 18-20 months, for low maintenance and long-lasting use Advanced Bio Filtration + UV Disinfection: Provides comprehensive air cleaning, eliminating TVOC and other pollutants",Urban Air Labs Pvt Ltd,Urban Air Labs Pvt Ltd,,contact@urbanairlabs.com,,Moonlight,,"Advanced Bio Filtration + UV Disinfection, IoT Integrated with Companion app, Plant is NOT INCLUDED, Real time AQI monitoring, Silent operation",,,Life2,,55 Watts,,400 Square Feet,,37 Decibels,"Control Panel, IoT Enabled, Connect with Wi-Fi",,,,,2024,uBreathe Life Air Purifier,,,,10 kg,India,,35D x 35W x 75H Centimeters,UBreathe,₹,,,,,"Advanced Bio Filtration + UV Disinfection, IoT Integrated with Companion app, Plant is NOT INCLUDED, Real time AQI monitoring, Silent operation",,,,,,,,,,,,,,,,,,,,,,Moonlight,,,,,,,,,,,,,,,B0F1MR9W8R,
12/19/2025 2:13:56,https://youtu.be/-LclkpJkwRU?si=a03LfBb1--UqaCzd,https://amzn.to/3KHxW53,https://www.amazon.in/UBreathe-Purifying-Filtration-Removing-Pollutants/dp/B0CQ2MVRXR?pd_rd_w=9xdiR&content-id=amzn1.sym.38ab170c-68e6-4e35-87b8-c345099a6660&pf_rd_p=38ab170c-68e6-4e35-87b8-c345099a6660&pf_rd_r=R6GTDES5PX0XJQYMTYDG&pd_rd_wg=lfwcJ&pd_rd_r=f51a545f-bfe9-4cb9-8c09-80a05c9d1d03&pd_rd_i=B0CQ2MVRXR&psc=1&linkCode=ll1&tag=vibedrips-21&linkId=66e17de4ece247747066671e2c2816ca&language=en_IN&ref_=as_li_ss_tl,,B0CQ2MVRXR,"uBreathe Mini Lite Air Purifier Planter for Work From Home Setup | 2 Stage Filtration | Charcoal Filter | Removes 99.97% Indoor Air Pollutants, Low Energy Consumption, Best Customised Gift","uBreathe Mini Lite Air Purifier Planter for Work From Home Setup | 2 Stage Filtration | Charcoal Filter | Removes 99.97% Indoor Air Pollutants, Low Energy Consumption, Best Customised Gift",UBreathe,https://m.media-amazon.com/images/I/41JcwIG7EGL.jpg,"[""https://m.media-amazon.com/images/I/41JcwIG7EGL.jpg"",""https://m.media-amazon.com/images/I/516NsOU9TBL.jpg"",""https://m.media-amazon.com/images/I/51uNB8Rb8OL.jpg"",""https://m.media-amazon.com/images/I/51KMvK4IruL.jpg"",""https://m.media-amazon.com/images/I/41OB-VlttGL.jpg"",""https://m.media-amazon.com/images/I/41IbETZeTtL.jpg"",""https://m.media-amazon.com/images/I/51AQupkNolL.jpg"",""https://m.media-amazon.com/images/I/31bBPGKYdhL.jpg"",""https://m.media-amazon.com/images/I/31XH7PNoJpL.jpg"",""https://m.media-amazon.com/images/I/31IQFWV2IaL.jpg""]",General,General,air purifier planter,4719,"₹4,719",₹0,0,0,0%,3.8,3.8 out of 5 stars,34,34,1 kg,15D x 15W x 30H Centimeters,,India,,,,,1,1 Count,Only 1 left in stock.,"Innovative Breathing Roots Technology for superior air purification. Filters particulate matter, gaseous pollutants, and biological impurities. BREATHING ROOTS TECHNOLOGY: This technology boost air flow in the soil root zone, enhancing the interaction between roots and air to eliminate a wide range of pollutants, including VOCs and bacteria, surpassing traditional HEPA filtration process. uBreathe Products are recommended by Doctors at AIIMS, Delhi; Certified by IIT-Ropar and Built-in self-watering system for plant care made easy. Compact and ideal for bedrooms, office cabins, and other personal spaces. WARRANTY : 6 months warranty for manufacturing defects in electronic components. COVERAGE AREA : 50-80 Sqft. Includes a soft mood light for a calming ambiance. Stylish, nature-inspired design to enhance any decor. Plant is the not provided with the product, it is used for lifestyle imagery. LOW NOISE: 12dB for peaceful and healthy sleep.",Urban Air Labs,Urban Air Labs,,,,Snow grey,,Lid,"Breathing Roots Technology, Built-in Self-watering System, Air Purifier with Decorative Planter",,UB mini-lite,,8 Watts,,80 Square Feet,,12 Decibels,Button Control,0.5 Micrometer,,,,2023,air purifier planter,,,,1 kg,India,1.00 Count,15D x 15W x 30H Centimeters,UBreathe,₹,"Breathing Roots Technology, Built-in Self-watering System, Air Purifier with Decorative Planter",,,,Lid,,,,,,,,,,,,,,,,,,,,,,Snow grey,,,,,,,,,,,,CE Certified,AirPurifierFilter,,B0CQ2MVRXR,
12/19/2025 2:11:26,https://youtu.be/-LclkpJkwRU?si=a03LfBb1--UqaCzd,https://amzn.to/4qf6cUh,https://www.amazon.in/Purifier-Personal-Accessory-Activated-Customised/dp/B0BDX9ZN46?pd_rd_w=9xdiR&content-id=amzn1.sym.38ab170c-68e6-4e35-87b8-c345099a6660&pf_rd_p=38ab170c-68e6-4e35-87b8-c345099a6660&pf_rd_r=R6GTDES5PX0XJQYMTYDG&pd_rd_wg=lfwcJ&pd_rd_r=f51a545f-bfe9-4cb9-8c09-80a05c9d1d03&pd_rd_i=B0BDX9ZN46&psc=1&linkCode=ll1&tag=vibedrips-21&linkId=5c916aa6efa9e9311d8d80b336bcea25&language=en_IN&ref_=as_li_ss_tl,,B0BDX9ZN46,"UBreathe Mini Classic Air Purifier Planter, Personal Purifier for Health, Desktop Accessory Work From Home | Carbon Activated Filter, Coco Filter | Customised Gifting | Trendy Wooden Gift","UBreathe Mini Classic Air Purifier Planter, Personal Purifier for Health, Desktop Accessory Work From Home | Carbon Activated Filter, Coco Filter | Customised Gifting | Trendy Wooden Gift",UBreathe,https://m.media-amazon.com/images/I/51l8CXzuVfL.jpg,"[""https://m.media-amazon.com/images/I/51l8CXzuVfL.jpg"",""https://m.media-amazon.com/images/I/61wEj6rze-L.jpg"",""https://m.media-amazon.com/images/I/611FdSbdFqL.jpg"",""https://m.media-amazon.com/images/I/71aMZYeOZjL.jpg"",""https://m.media-amazon.com/images/I/71KFqzaAeGL.jpg"",""https://m.media-amazon.com/images/I/61IFHG0v+cL.jpg"",""https://m.media-amazon.com/images/I/31yH+jMnjoL.jpg"",""https://m.media-amazon.com/images/I/41OgvWWoCgL.jpg"",""https://m.media-amazon.com/images/I/41m64Ph+ElL.jpg"",""https://m.media-amazon.com/images/I/41PpIIiKJdL.jpg""]",Furniture,Furniture,Air Purifier,4999,₹4999,₹6489,6489,23,23%,4.2,4.2 out of 5 stars,20,20,1 kg 200 g,16D x 16W x 19H Centimeters,,India,,,,,1,1 Count,Only 2 left in stock.,"Advanced Breathing Roots Technology: Filters out particulate matter, gaseous pollutants, and biological impurities for air as pure as nature intended. 20 Plant Equivalent Performance: Provides the air purification power of 20 indoor plants in one compact unit. Portable & Lightweight Design: Easy to move between rooms, making it perfect for bedrooms, office cabins, or travel use. Sustainable & Eco-Friendly: Designed with nature-inspired aesthetics and a focus on greener living. CERTIFICATIONS : Certified by IIT-Ropar and IIT Kanpur Decorative Elegance: Doubles as a stylish planter, adding a sophisticated touch to your home or office decor. Mood-Enhancing Ambient Light: Features a soft, calming light that soothes your senses and enhances relaxation. Energy-Efficient Operation Purifier : Low power consumption ensures sustainability without compromising performance. Ideal Gifting Option: Thoughtful, sustainable, and perfect for Diwali, housewarmings, or any special occasion. WOODEN FINISH: The uBreathe Mini Air Purifier features an aesthetic wooden finish, making it a stylish and portable air purifier perfect for sustainable Diwali gifting. Ideal for a thoughtful and eco-friendly Diwali gift. Low Maintenance & Durable: Built to last with minimal upkeep, offering convenience alongside functionality. Health & Wellness Benefits: Promotes cleaner air, reduces allergens, and enhances respiratory health for you and your loved ones. WARRANTY : 6 months warranty for manufacturing defects in electronic components.",Urban Air Labs Pvt Ltd,Urban Air Labs Pvt Ltd,,Urban Air Labs Pvt. Ltd.,,Wood Finish,,"Adapter, Plant Pot, Plant Selection Guide, Purifier Unit, User Manual Guide",,,Wood Finish,,8 Watts,,80 Square Feet,,12 Decibels,Button Control,0.5 Micrometer,,,,2022,Air Purifier,,,,1 kg 200 g,India,1.00 Count,16D x 16W x 19H Centimeters,UBreathe,₹,,,,,"Adapter, Plant Pot, Plant Selection Guide, Purifier Unit, User Manual Guide",,,,,,,,,,,,,,,,,,,,,,Wood Finish,,,,,,,,,,,,Certified HEPA,"Charcoal, Bio, BreathingRoots",,B0BDX9ZN46,
12/19/2025 2:26:40,https://youtu.be/-LclkpJkwRU?si=a03LfBb1--UqaCzd,https://amzn.to/4904RK9,https://www.amazon.in/Honeywell-V4-Purifier-Activated-Anti-Bacterial/dp/B076HP91MN?dib=eyJ2IjoiMSJ9.DMNpznGUul9T6izLGaRrS_7SLa_2uJzE5u1xQFYfsXdTIr_r7QH5FgkpY-h7s0GdqUL7CpLXQBzc09WvpnubiTWq752GRhdC6bW6H8D1OwzJDS-y80ZPaAh7TG-WGptzUn2dDDO2IB5lGr7QTxBjht1Kz10h7u4tu_sCyiD-qtdJ4ueJw-9jl4MSDpIov8_kblOY9go2imuY8xscV_XRkSgabiKvaKbS4Jrod35pa-k.fDxOIBLElqu6AKefZYY0JG1xnu8gFQjJrLiAMuRHwvM&dib_tag=se&keywords=dyson%2Bgen1%2Btp%2B10%2Bcool%2Bair%2Bpurifier&qid=1766091295&sr=8-1-spons&aref=Py6BCgwo24&sp_csd=d2lkZ2V0TmFtZT1zcF9hdGY&th=1&linkCode=ll1&tag=vibedrips-21&linkId=fa3cb3cfddb63901df0018c7a72e87d7&language=en_IN&ref_=as_li_ss_tl,,B076HP91MN,Honeywell Air Touch HCMF25M0012 Compound Filter with HEPA and Activated Carbon (Black),Honeywell Air Touch HCMF25M0012 Compound Filter with HEPA and Activated Carbon (Black),Honeywell,https://m.media-amazon.com/images/I/91atWaiXuyL.jpg,"[""https://m.media-amazon.com/images/I/91atWaiXuyL.jpg"",""https://m.media-amazon.com/images/I/81SwkFD5FiL.jpg"",""https://m.media-amazon.com/images/I/A1+dr-WbThL.jpg"",""https://m.media-amazon.com/images/I/81Uk0fDpwWL.jpg"",""https://m.media-amazon.com/images/I/61R+ABhdbNL.jpg"",""https://m.media-amazon.com/images/I/61Mv7R8yjDL.jpg"",""https://m.media-amazon.com/images/I/61gKySL3fEL.jpg"",""https://m.media-amazon.com/images/I/61IQabnMEAL.jpg"",""https://m.media-amazon.com/images/I/61Ln5WmmlGL.jpg"",""https://m.media-amazon.com/images/I/81eqxFEPUiL.jpg""]",General,General,Air Purifier,2299,₹2299,₹2990,2990,23,23%,3.7,3.7 out of 5 stars,10887,10887,300 g,30 x 3.5 x 34 Centimeters,,,,,,,1 Count,1 Count,In stock,"Replacement filter No 2 for Air Touch A5 indoor air purifier by Honeywell, a Fortune 100 company
Single compound filter with HEPA filter on one side and activated carbon filter on the other
High-efficiency HEPA filter that removes any microscopic pollutant and allergen above 0.3 microns including PM2.5 and pollens
Activated carbon filter that removes formaldehyde, toxic gases, VOCs and odor
DIY (Do It Yourself) Filter no 2, no need of service engineer visits
Not washable, replace when filter indicator blinks on the touch panel
Warranty: No warranty
Includes: Compound filter with HEPA and activated carbon",Secure Connection Limited,Secure Connection Limited,,"Honeywell Environmental & Combustion Controls Tain Jin Co Ltd 158 NanHai Road,Teda 300457 TAIN JIN China +61 2266287203","Honeywell International (I) Pvt. Ltd Nagpal Business Tower Ground Floor, A/91 Okhla Industrial Phase II New Delhi -110020 India",,,Compound Filter,,,HCMF25M0012,,,,,,,,,,,,,,,,,300 g,,1 Count,,Honeywell,₹,,,,,Compound Filter,,,,,,,,,,,,,,,,,,,,,30 x 3.5 x 34 Centimeters,,,,,,,,,,,,,,,"Honeywell International (I) Pvt. Ltd Nagpal Business Tower Ground Floor, A/91 Okhla Industrial Phase II New Delhi -110020 India",B076HP91MN,
12/22/2025 16:29:41,https://youtu.be/-LclkpJkwRU?si=a03LfBb1--UqaCzd,https://amzn.to/48PBAD1,https://www.amazon.in/LEVOIT-Core-Mini-Fragrance-Frenshener/dp/B0CG1N11DV?pd_rd_w=4zOPW&content-id=amzn1.sym.7ccbe032-5929-4c88-ab39-4923842061df&pf_rd_p=7ccbe032-5929-4c88-ab39-4923842061df&pf_rd_r=H2R87GF1T082JTXFJA7G&pd_rd_wg=AkPYP&pd_rd_r=fc82ac2a-46d8-4e75-a525-54cfaa260119&pd_rd_i=B0CG1N11DV&th=1&linkCode=ll1&tag=vibedrips-21&linkId=bf10776160f3c9da9c75de03f5e1bd27&language=en_IN&ref_=as_li_ss_tl,,B0CG1N11DV,"LEVOIT Core Mini Air Purifier For Coverage Area 183 Sq Ft, H13 Truehepa Filter, Remove 99.97% Dust, Smoke, & Pollen, With Fragrance Sponge, (2 Years Warranty), White","LEVOIT Core Mini Air Purifier For Coverage Area 183 Sq Ft, H13 Truehepa Filter, Remove 99.97% Dust, Smoke, & Pollen, With Fragrance Sponge, (2 Years Warranty), White",LEVOIT,https://m.media-amazon.com/images/I/61qe7hzT8SL.jpg,"[""https://m.media-amazon.com/images/I/61qe7hzT8SL.jpg"",""https://m.media-amazon.com/images/I/617RwafDy2L.jpg"",""https://m.media-amazon.com/images/I/71curoNvTML.jpg"",""https://m.media-amazon.com/images/I/71OGJ2kyoUL.jpg"",""https://m.media-amazon.com/images/I/71Yn10exFPL.jpg"",""https://m.media-amazon.com/images/I/81P7jkNxA6L.jpg"",""https://m.media-amazon.com/images/I/41BpnEUag-L.jpg"",""https://m.media-amazon.com/images/I/41psgE7+oiL.jpg"",""https://m.media-amazon.com/images/I/51QX3j9NchL.jpg"",""https://m.media-amazon.com/images/I/51PZZ9FLoVL.jpg""]",Beauty & Personal Care,Beauty & Personal Care,Air Purifier,5989,₹5989,₹10900,10900,45,45%,4.4,4.4 out of 5 stars,88570,88570,1 kg 60 g,19.3D x 29W x 19.8H Centimeters,,China,,,,,,,In stock,"TOP-RATED AIR PURIFIER BRAND: LEVOIT is the #1 selling air purifier brand in the United States, recognized globally for its commitment to improving indoor air quality and enhancing the well-being of families through advanced filtration technology. WORRY-FREE AIR QUALITY: Effectively addresses common air quality issues like pollen, dust, smoke smells, and pet dander, all while being lightweight at just 2.2 lbs for easy portability. UNIQUE AROMATHERAPY FEATURE: Enhances your space by allowing you to add essential oils to the aroma pad, providing a refreshing scent while promoting relaxation. PERSONAL HEPA AIR PURIFIER: Utilizes 360° VortexAir 3.0 technology and a 3-stage filtration system, capable of purifying spaces up to 17㎡ in just 30 minutes. EASY TO USE: Features a simple control system with only two buttons to cycle through three fan speeds and check the reset filter indicator, with an automatic screen timeout for convenience. QUIET OPERATION: Designed for serene environments, this air purifier operates at noise levels as low as 25dB, allowing you to sleep soundly without disturbance. POWER SAVING: Energy-efficient with a power rating of just 7W, the Core Mini is Energy Star certified, making it a cost-effective choice for continuous air purification.",LEVOIT,LEVOIT,,Levoit,Frootle India Pvt Ltd,White,,Air Purifier,Unique Aromatherapy Feature,,LAP-C161-WUK,,7 Watts,,370 Square Feet,,25 Decibels,Button Control,0.3 Micron,True,,810123672011,2024,Air Purifier,,,,1 kg 60 g,China,,19.3D x 29W x 19.8H Centimeters,LEVOIT,₹,Unique Aromatherapy Feature,,,,Air Purifier,,,,,,,,,,,,,,,,,,,,,,White,,,,,,,,,,,,,TrueHEPA,,B0CG1N11DV,
12/22/2025 17:03:40,https://youtu.be/jZfzeppym-I?si=iZEIvtUK9bKepQ2k,https://amzn.to/4p7Vb6m,https://www.amazon.in/Dreo-Humidifier-Humidifiers-Self-Cleaning-White/dp/B0DF6NBJDW?crid=1CI9J21LNMENK&dib=eyJ2IjoiMSJ9.zwOzmNu2SIy4UxR8QeAt1aFUZJAFC9a4Oo_LmkZuI-xijvYPNCuoV9LBeWoUhalRz7DwrbNQEMBUD2_sDPSOSijyQIYvv06JZnhqiehpWh9vAWFepGp9FfGAWaBc0ifrL0zKhwPyL3NRgMgwoSlHCHgws2BarjHYW7CF0cxi_2i4q2InMYneONwbY6in3A5sMGXfllreuIYjF1WXECm2n_0DaA1WthqFgGebFeMAy6w.VB3aXrhHLmDeVJi7TuPWvnXo9B99XhcSxEfTHwPgcH8&dib_tag=se&keywords=humidifier%2Bfor%2Bhome%2Bdreo%2BHM735S&qid=1766402533&s=kitchen&sprefix=humidifier%2Bfor%2Bhome%2Bdreo%2Bhm735s%2Ckitchen%2C164&sr=1-4&th=1&linkCode=ll1&tag=vibedrips-21&linkId=d9d2f664e2abb3d291853e6830a21a58&language=en_IN&ref_=as_li_ss_tl,,B0DF6NBJDW,"Dreo 11L Smart Humidifier Large Room 700 ft², 100H Cool Mist Air Humidifiers for Bedroom, Top-Fill Self-Cleaning Tank, 26dB, Auto Mode, Aroma Box, RGB Light, Remote & APP Control, Baby, Plant, Blue","Dreo 11L Smart Humidifier Large Room 700 ft², 100H Cool Mist Air Humidifiers for Bedroom, Top-Fill Self-Cleaning Tank, 26dB, Auto Mode, Aroma Box, RGB Light, Remote & APP Control, Baby, Plant, Blue",Dreo,https://m.media-amazon.com/images/I/61pMsCc8y3L.jpg,"[""https://m.media-amazon.com/images/I/61pMsCc8y3L.jpg"",""https://m.media-amazon.com/images/I/71xlygL5IRL.jpg"",""https://m.media-amazon.com/images/I/71XOXPFC+oL.jpg"",""https://m.media-amazon.com/images/I/81r00KJk9cL.jpg"",""https://m.media-amazon.com/images/I/71BBW82EyHL.jpg"",""https://m.media-amazon.com/images/I/716VBAQ6HeL.jpg"",""https://m.media-amazon.com/images/I/71UTdETQa9L.jpg"",""https://m.media-amazon.com/images/I/61ISLbNOD+L.jpg"",""https://m.media-amazon.com/images/I/715BunYTG4L.jpg"",""https://m.media-amazon.com/images/I/81RAzSm-ZNL.jpg""]",Furniture,Furniture,Humidifier,65628.2,₹65628.2,₹75281,75281,13,13%,4.4,4.4 out of 5 stars,555,555,5.94 Pounds,26D x 22.5W x 78.5H Centimeters,,,,,,,1,,,"After reading through multiple reviews, I noticed a lot of misunderstandings about how this humidifier operates. I’m here to clear them up so you get an accurate picture of what to expect. This humidifier has a sleek and modern design, with two lightweight sections divided by a silver band, all secured to a pedestal base with a twist lock and screw. • The flat lid has a 360-degree rotatable mist nozzle that is angled at 30 degrees. You can change the direction, but not the angle. • The lid features a protruding finger tab for easy removal. • Underneath the lid is a large water collection area with a centrally located mister. • It has drainage slots on one side that direct water into the main reservoir (which holds up to 11 liters or 2.96 gallons). • The top section houses the motor and a 5-ft polarized electrical cord, and it easily lifts off for cleaning. • The bottom section contains a simple water draw tube with an attached round water filter that is easy to replace. • Other than some plastic guides for water flow, the bottom reservoir is mostly empty. • The unit includes a rear aroma tray with removable absorbent material if you want to add fragrance. • Base dimensions: 10 inches wide × 8 inches deep • Height: 31 inches from floor to lid • Circumference: 23 inches • Max power usage: 32 watts • Water weight (full): ~24 lbs • Unit weight (empty): ~6 lbs • Handles? No, but it’s easy to move when it’s not full. I won’t go into deep technical details—you can download the user manual under “Product Guides and Documents” on the Amazon page. However, I will note: • Auto Mode: Whisper quiet • Highest setting (Level 3): Not bad in terms of noise, but audible. • App Integration: The Dreo app syncs first via Bluetooth, then WiFi only for Google and Alexa support. • Voice Control: You can control most features and scheduling through the app or with voice commands. • Alexa: Can tell you the humidity setting but not the current humidity level (this is an Alexa limitation, not a Dreo issue). • Google Assistant: Can provide both the humidity setting and current room humidity when asked: o Example: “Hey Google, what is the humidifier humidity level?” o If you named your device “humidifier,” Google will give you the correct response. • Important Note: This issue happens with other smart devices too. Alexa simply does not support reporting humidity levels, while Google does. One reviewer mentioned white dust buildup, which happens with humidifiers using hard water or well water. Solution? Use: ✅ Distilled water ✅ Refrigerator-filtered water ✅ Demineralized water I personally use my refrigerator’s filtered water and have zero white dust issues. I placed my humidifier in the middle of my living room, set the humidity goal to 65%, and went to bed. • Starting humidity: 22% • Morning humidity: 52% o (It didn’t reach 65% because my house leaks too much air, which would cost thousands to fix.) I primarily bought this humidifier to: ✅ Improve humidity for my houseplants ✅ Stop itchy, dry skin It works perfectly for both. If I needed another humidifier, I would buy this exact model again. Dreo did an excellent job with the design, functionality, and smart features. Highly recommended. Hope this review helps someone! Edit: Three points: 1. The reservoir tank is one solid floor of plastic which cannot leak, however if you fill excessively beyond the outside marked max water line, as seen on the front, the overfill will leak from the top backside. 2. The Dreco app gives you full control over the unit except it doesn’t provide a remaining water level gauge. That’s because the remaining water level is only read visually from the front outside. 3. You can turn the unit ON or OFF by voice (Alexa/Google) or in combination with the app or by a schedule. The schedule could be made on Alexa or on Google home or in the Dreco app, it all works. 4. This unit doesn’t provide any more white dust, than any other humidifier. White dust is simply excessive minerals, (total dissolve solids TDS) in the water. Again I use refrigerator filtered water which has total dissolved solids around 109 ppm. I liked the humidifier so much that I bought another identical one. My plants are happy and I don’t scratch.",Dreo,Dreo,,,,Blue,,"11L Humidifier x1, Aroma Pad, Cleaning Brush, Screw x 1, User Manual","Aroma Diffuser, Digital Display, Easy Top-Fill, Night Light, Removable Tank, Smart Control",HM735S,DR-HHM005S Blue,120 Volts,32 Watts,Bedroom,700 Square Feet,,26 dB,Remote & APP Control,,,Square,810142852067,2024,Humidifier,,,,5.94 Pounds,,,26D x 22.5W x 78.5H Centimeters,Dreo,₹,"Aroma Diffuser, Digital Display, Easy Top-Fill, Night Light, Removable Tank, Smart Control",,,,"11L Humidifier x1, Aroma Pad, Cleaning Brush, Screw x 1, User Manual",,,,,,,,,,,,,,,,,,,,,,Blue,,,,,,,,,,,,,,,B0DF6NBJDW,Ultrasonic
12/19/2025 0:09:52,https://youtube.com/shorts/Ndo7UTmyKFY?si=sTnWqVQpNDUIHGyh,https://amzn.to/4pdv5iw,https://www.amazon.in/OxyPure-ZERO-Smart-Air-Purifier/dp/B0BCC8KZHK?crid=1DBDX66EZWAI&dib=eyJ2IjoiMSJ9.rjAYrxaBAKvKSZN74dFmh6kLpFreR-UE09WLHMbu13zVtYm-0-PpCdU21JcwvFK1x_tD5AddgVTHTsgQ-UW_gVGz6ydK-YeC9qM6rJlM4njLJFaPIciRs32VwKHphamIvZT7YGu-Ntuq4qbXzQ7NH8mbpgiJrKnQer-l5wzSfLfLarHyCeylurSjFRWlI0fPdQKS6-J_JhbWbGfu0v8hpZRp0GtP2Re5kk6rt0OGvSw.r5dwBPXYniVJ_j06oEGa30J5K_Nq9z6TWvXePj3brIo&dib_tag=se&keywords=air+purifier&qid=1766082427&refinements=p_72%3A1318476031&rnid=1318475031&sprefix=Air+pur%2Caps%2C228&sr=8-4&linkCode=ll1&tag=vibedrips-21&linkId=539511099fc2081f4b299b3f3ba7f577&language=en_IN&ref_=as_li_ss_tl,,B0BCC8KZHK,"NUWAVE OxyPure ZERO Smart Air Purifier, Large Area up to 2,002 Sq Ft, Dual 4-Stage Air Filtration, Adjustable 30°, 60°, 90° Vents, Washable & Reusable Filters for ZERO Waste & ZERO Filter Replacements","NUWAVE OxyPure ZERO Smart Air Purifier, Large Area up to 2,002 Sq Ft, Dual 4-Stage Air Filtration, Adjustable 30°, 60°, 90° Vents, Washable & Reusable Filters for ZERO Waste & ZERO Filter Replacements",Nuwave,https://m.media-amazon.com/images/I/71rQ3Md9w0L.jpg,"[""https://m.media-amazon.com/images/I/71rQ3Md9w0L.jpg"",""https://m.media-amazon.com/images/I/81p0YejEkyL.jpg"",""https://m.media-amazon.com/images/I/81M8-ZqbO+L.jpg"",""https://m.media-amazon.com/images/I/717edqVDoML.jpg"",""https://m.media-amazon.com/images/I/71Zz+SxaL0L.jpg"",""https://m.media-amazon.com/images/I/81121P4nQgL.jpg"",""https://m.media-amazon.com/images/I/71G8FbMopDL.jpg"",""https://m.media-amazon.com/images/I/31NfGuBUr6L.jpg"",""https://m.media-amazon.com/images/I/41Nng-2d1IL.jpg"",""https://m.media-amazon.com/images/I/41p9QPuNSaL.jpg""]",Furniture,Furniture,Air Purifier,130018,₹130018,₹0,0,0,0%,4.6,4.6 out of 5 stars,724,724,9 kg 980 g,30.5D x 35.6W x 58.4H Centimeters,,,,,,,1,1 Count,,"INDOOR AIR POLLUTION - EPA estimates that indoor air can be as much as 5 TIMES more polluted than the air outdoors. If you suffer from fatigue, headaches, congestion, or sneezing, you may be exposed to poor air quality conditions at home. PURIFY XL AREA UP TO 2,002 SQ FT – When you breathe, you may unwittingly be inhaling billions of pollutants that cannot be seen with the naked eye. OxyPure Zero has been proven to effectively purify a 1000 sq. ft room twice per hour and a 2002 sq. ft room once per hour. INTERTEK LAB CERTIFIED – Zero captures up to 100% of airborne particle pollutants as small as 0.1 microns including smoke, dust, and pollen. It can also remove airborne irritants such as pet hair, harmful chemicals, and ozone. DUAL 4-STAGE FILTERATION – The stainless-steel prefilter captures large particles. The ozone emission removal filter eliminates toxic ozone. 2 patented Bio-Guard Filters & the Bio-Guard 360 Filter remove harmful airborne particle pollutants and odors. REVOLUTIONARY FILTERATION TECHNOLOGY – Just like the vacuum cleaners did away with paper filters, so does the OxyPure Zero. The ultra-effective Bio-Guard filters are washable and reusable meaning ZERO waste and ZERO filter replacements. CALIFORNIA AIR RESOURCE BOARD CERTIFIED – OxyPure Zero meets the stringent California ozone emissions limit. It eliminates toxic Ozone in the home to less than 1 part per billion (ppb), about 70 times less than the EPA’s designated safe level of 70 ppb. ENERGY STAR CERTIFIED – Even when operating 24/7, the annual electricity cost is minimal! Check with your local utility company to determine if a portion of the purchase qualifies for a rebate. It is also ETL certified.",NuWave,NuWave,,,,White,,"1 x Nuwave ZERO Smart Air Purifiers, 2 Stainless-steel Pre-filters (Pre-installed); 2 Ozone Emission Removal Filters (Pre-installed); 2 Bio-Guard Filters (Pre-installed), 1 Bio-Guard 360 Filter (Pre-installed), 1 x User Manual","4 Stage Filtration;, 6 Fan Speeds;, Adjustable 30°, 60°, 90° Vents;, Auto/Eco Mode;, Sleep Mode & Timer;, Turbo Mode;, Ultimate Clean Mode;, ZERO Waste & ZERO Filter Replacements;",,47251,,60 Watts,,2002 Square Feet,,21.4 Decibels,Button Control,0.1 Micron,True,,652185472532,2022,NUWAVE OxyPure ZERO Smart Air Purifier,,,,9 kg 980 g,,,30.5D x 35.6W x 58.4H Centimeters,Nuwave,₹,"4 Stage Filtration;, 6 Fan Speeds;, Adjustable 30°, 60°, 90° Vents;, Auto/Eco Mode;, Sleep Mode &amp; Timer;, Turbo Mode;, Ultimate Clean Mode;, ZERO Waste &amp; ZERO Filter Replacements;",,,,"1 x Nuwave ZERO Smart Air Purifiers, 2 Stainless-steel Pre-filters (Pre-installed); 2 Ozone Emission Removal Filters (Pre-installed); 2 Bio-Guard Filters (Pre-installed), 1 Bio-Guard 360 Filter (Pre-installed), 1 x User Manual",,,,,,,,,,,,,,,,,,,,,,White,,,,,,,,,,,,"CARB Certified, CE Certified, EPA Certified, ETL Certified, Energy Star Certified",ElectrostaticFilter,,B0BCC8KZHK,